first_name,second_name,goals_scored,assists,total_points,minutes,goals_conceded,creativity,influence,threat,bonus,bps,ict_index,clean_sheets,red_cards,yellow_cards,selected_by_percent,now_cost,player_id
Petr,Cech,0,0,24,585,9,0,205,0,3,130,20.4,1,0,0,1.1,47,1
Bernd,Leno,0,0,106,2835,42,0,807.2,0,5,568,80.5,6,0,0,4,49,2
Laurent,Koscielny,3,0,62,1329,23,29.5,456.4,105,8,319,59.1,3,0,1,0.9,54,3
Héctor,Bellerín,0,5,60,1532,21,197.8,261.6,280,5,304,73.7,4,0,3,4.5,53,4
Nacho,Monreal,1,4,77,1860,24,196.6,413.2,224,7,392,83.4,5,0,5,1.3,54,5
Rob,Holding,0,0,24,806,10,28.7,187.8,14,5,148,23.2,1,0,1,0.4,43,6
Shkodran,Mustafi,2,0,80,2611,40,106,718.6,252,5,475,107.8,6,0,9,1.3,54,7
Sead,Kolasinac,0,7,81,1886,29,445.9,323.2,242,10,382,101,5,0,5,5.4,49,8
Konstantinos,Mavropanos,0,0,3,147,1,14.1,27,10,0,28,5.2,0,0,1,0.1,47,10
Stephan,Lichtsteiner,0,0,14,935,18,61.1,113,23,0,89,20,0,0,3,0.8,45,11
Sokratis,Papastathopoulos,1,2,64,2198,33,67.9,513.8,120,4,402,70.4,5,0,12,1.2,51,12
Mesut,Özil,5,3,89,1732,24,714.2,429.6,254,9,363,140,5,0,2,2.6,79,13
Aaron,Ramsey,4,6,91,1319,13,387.2,418.4,502,4,298,131,9,0,0,0.9,71,14
Alex,Iwobi,3,8,99,1961,32,596.7,469,646,3,382,171.1,4,0,0,1.5,54,15
Mohamed,Elneny,0,0,10,377,5,76.7,86.6,63,0,59,22.7,0,0,0,2.2,42,16
Granit,Xhaka,4,3,90,2498,37,674,634.6,215,8,452,152.6,7,0,10,2.3,52,17
Henrikh,Mkhitaryan,6,4,98,1637,26,454.9,446.4,600,12,354,150.2,3,0,1,4.6,66,18
Reiss,Nelson,0,0,0,0,0,0,0,0,0,0,0,0,0,0,0.4,44,19
Ainsley,Maitland-Niles,1,1,34,983,20,98.9,224.2,126,3,152,44.8,2,1,1,0.4,44,20
Danny,Welbeck,1,1,19,146,3,56.8,73.6,66,3,63,19.5,0,0,0,0.4,64,21
Alexandre,Lacazette,13,12,166,2497,31,482.4,808,1319,20,560,260.6,6,0,2,11.4,94,22
Pierre-Emerick,Aubameyang,22,7,205,2722,42,484.6,984.4,1429,32,756,289.6,7,0,0,18.8,108,23
Lucas,Torreira,2,4,78,2377,38,301,440.8,203,6,409,94.5,5,1,7,2.6,47,450
Matteo,Guendouzi,0,0,47,2140,32,312.4,323.2,130,0,321,76.6,3,0,9,1.6,44,451
Emiliano,Martínez,0,0,0,0,0,0,0,0,0,0,0,0,0,0,0.2,40,542
Emile,Smith-Rowe,0,0,0,0,0,0,0,0,0,0,0,0,0,0,0,45,545
Zech,Medley,0,0,0,0,0,0,0,0,0,0,0,0,0,0,0.1,40,546
Edward,Nketiah,1,0,10,63,3,14.7,40.8,59,1,36,11.4,0,0,0,0,50,552
Bukayo,Saka,0,0,1,7,0,0,0,0,0,3,0,0,0,0,0,45,563
Joseph,Willock,0,0,4,63,1,2.5,1,23,0,4,2.7,1,0,0,0,45,566
Carl,Jenkinson,0,0,4,165,3,16.9,26.8,8,0,16,5.2,0,0,0,0,45,581
Denis,Suárez,0,0,4,67,1,4.8,8.4,0,0,11,1.4,0,0,0,0.1,57,586
Asmir,Begovic,0,0,63,2160,47,0,440.6,0,4,363,44.2,5,0,0,2.7,43,24
Artur,Boruc,0,0,46,1080,18,0,302,0,4,218,30.3,4,0,2,8.6,41,25
Simon,Francis,0,2,40,1227,24,173.3,332.4,39,0,244,54.4,4,0,1,0.2,43,26
Steve,Cook,1,1,85,2786,56,143.3,731,292,6,549,116.5,9,0,3,4.2,43,27
Charlie,Daniels,1,0,44,1583,34,215.4,289.8,156,1,278,66.2,4,0,4,3.2,41,28
Adam,Smith,1,1,70,2067,33,199.8,374,110,1,383,68.5,8,1,5,0.4,43,29
Tyrone,Mings,0,0,5,141,4,16.3,49,2,0,41,6.8,0,0,0,0.1,42,30
Nathan,Aké,4,1,120,3411,70,125.9,1002,440,8,716,156.8,10,0,3,6.1,51,31
Jack,Simpson,0,0,10,401,9,2,85.4,21,0,73,11,1,0,0,6.1,39,32
Marc,Pugh,0,0,0,0,0,0,0,0,0,0,0,0,0,0,0.3,43,34
Andrew,Surman,0,0,36,1438,37,163,190.8,38,0,206,39.2,4,0,2,0.1,46,35
Junior,Stanislas,2,3,56,1021,24,254.5,225.2,340,3,205,82,2,0,1,0.1,60,36
Dan,Gosling,2,2,54,1734,33,164.7,400.6,217,0,237,78.1,4,0,8,0.1,47,37
Jordon,Ibe,1,1,33,789,23,174.8,131.2,155,0,105,46,1,0,1,0.2,49,38
Lewis,Cook,0,0,22,719,10,50.4,76,36,0,91,16.5,3,0,2,0.1,46,39
Ryan,Fraser,7,14,181,3165,64,1382.4,930.6,696,23,751,301.2,9,0,2,23.7,64,40
Emerson,Hyndman,0,0,1,37,2,1.2,14,0,0,2,1.5,0,0,0,0,44,41
David,Brooks,7,6,123,2263,41,466.7,598,609,7,414,167.5,9,0,3,3.6,50,42
Callum,Wilson,14,12,168,2528,47,388.4,737.8,1137,22,525,225,9,0,3,20.3,69,43
Lys,Mousset,1,0,28,350,15,65.1,74.6,201,0,74,33.8,0,0,1,0.2,49,44
Joshua,King,12,3,141,2963,57,535.7,655.4,1058,20,457,223.8,10,0,3,5.1,64,45
Jermain,Defoe,0,0,4,22,2,0,3,23,0,12,2.6,0,0,0,0.4,56,46
Nathaniel,Clyne,0,1,34,1250,26,100.2,199.4,72,0,201,36.9,3,0,2,0.6,44,241
Dominic,Solanke,0,1,15,340,5,96,79,154,0,45,33,0,0,0,0.4,47,259
Diego,Rico,0,0,8,606,19,171.6,107.4,36,0,89,31.4,0,0,1,0,41,473
Jefferson,Lerma,2,2,75,2505,49,245.8,539.6,174,6,410,96.2,9,0,12,0.3,45,494
Chris,Mepham,0,1,27,848,17,24.1,177.2,22,0,158,22.5,2,0,1,0.1,45,580
Sam,Surridge,0,0,2,11,0,11.8,5,23,0,3,4,0,0,0,0.1,45,599
Kyle,Taylor,0,0,0,0,0,0,0,0,0,0,0,0,0,0,0,45,600
Nnamdi,Ofoborh,0,0,0,0,0,0,0,0,0,0,0,0,0,0,0,45,613
Mark,Travers,0,0,9,180,5,0,68.2,0,1,46,6.8,1,0,0,0.3,40,616
Matt,Butcher,0,0,0,0,0,0,0,0,0,0,0,0,0,0,0,45,620
Mathew,Ryan,0,0,104,3060,55,0,707,0,11,547,70.9,6,0,2,4.9,44,47
Lewis,Dunk,2,1,91,3151,56,132.9,805.8,245,6,573,118.7,7,1,5,3.4,44,48
Shane,Duffy,5,2,115,3087,55,84.1,1024.4,499,9,582,160.9,7,1,4,8.1,47,49
Bruno,Saltor Grau,0,1,46,1131,17,102,181.6,14,7,229,29.8,4,0,2,0.3,44,50
Gaëtan,Bong,0,0,48,1805,34,153.3,220,8,0,254,38,5,0,0,0.1,44,51
Markus,Suttner,0,0,0,0,0,0,0,0,0,0,0,0,0,0,4.3,38,52
Ezequiel,Schelotto,0,0,0,0,0,0,0,0,0,0,0,0,0,0,1.9,38,53
Leon,Balogun,1,0,15,591,10,1.1,134,27,0,86,16.2,0,0,2,0.1,42,54
Anthony,Knockaert,2,6,74,1828,41,580.8,389.6,345,2,293,131.4,3,1,4,0.5,52,55
Dale,Stephens,1,1,65,2484,46,249.3,498.2,88,4,404,83.6,5,1,6,3,43,56
Beram,Kayal,1,1,36,935,17,59.3,224,53,0,136,33.6,4,0,4,0.3,44,57
Solomon,March,1,6,94,2459,40,684.5,474.6,405,5,342,156.6,6,0,1,0.7,47,58
Pascal,Groß,3,3,80,1864,31,815.3,456,344,12,347,161.7,3,0,1,1.5,67,59
Davy,Pröpper,1,1,72,2546,45,279.1,389.2,121,3,351,79.2,4,0,2,0.2,48,60
José Heriberto,Izquierdo Mena,0,2,31,789,10,77.3,75.4,147,0,95,30,3,0,1,0.1,59,61
Glenn,Murray,13,1,129,2501,45,190,478,835,16,337,148.1,4,0,5,2.8,61,62
Tomer,Hemed,0,0,0,0,0,0,0,0,0,0,0,0,0,0,0.1,49,63
Sam,Baldock,0,0,0,0,0,0,0,0,0,0,0,0,0,0,0.3,45,64
Jürgen,Locadia,2,0,52,1225,21,190.8,154.4,356,6,155,69.7,3,0,1,0.3,53,65
Florin,Andone,3,0,38,866,14,48.6,147.2,361,2,74,54.9,2,0,5,0.2,50,66
David,Button,0,0,15,360,5,0,89.2,0,2,76,8.9,1,0,0,2.3,40,179
Jason,Steele,0,0,0,0,0,0,0,0,0,0,0,0,0,0,1.3,39,439
Bernardo,Fernandes da Silva Junior,0,1,39,1749,29,172.6,444.2,83,0,290,70,2,0,4,0.1,42,440
Yves,Bissouma,0,0,43,1764,32,213,253.4,201,0,170,66.8,3,0,5,0,46,466
Alireza,Jahanbakhsh,0,0,33,1014,16,104,94.4,162,0,61,35.5,5,0,2,0.6,67,476
Martín,Montoya,0,1,45,2166,41,289.2,437.6,58,1,351,78.6,3,0,4,0.2,43,503
Viktor,Gyokeres,0,0,0,0,0,0,0,0,0,0,0,0,0,0,0.1,45,551
Ben,White,0,0,0,0,0,0,0,0,0,0,0,0,0,0,0,40,559
Max,Sanders,0,0,0,0,0,0,0,0,0,0,0,0,0,0,0,45,572
Dan,Burn,0,0,0,0,0,0,0,0,0,0,0,0,0,0,0,45,582
Jayson,Molumby,0,0,0,0,0,0,0,0,0,0,0,0,0,0,0,45,617
Tom,Heaton,0,0,58,1710,27,20.1,442.8,4,4,323,46.6,4,0,3,0.5,48,67
Nick,Pope,0,0,0,0,0,0,0,0,0,0,0,0,0,0,0.2,48,68
Matthew,Lowton,0,0,34,1748,41,158.6,338,48,1,269,54.6,4,0,7,0.2,46,69
Ben,Mee,0,2,81,3420,68,113.8,885.4,238,5,572,123.9,8,0,9,1.6,46,70
Stephen,Ward,0,0,7,228,6,17.2,48.4,19,0,44,8.5,1,0,1,0.5,47,71
James,Tarkowski,3,2,97,3086,63,69.8,1023.2,450,7,524,154.5,7,0,8,4.2,47,72
Kevin,Long,0,1,16,513,9,11.6,147.8,8,0,101,16.8,1,0,0,0.3,41,73
Charlie,Taylor,0,1,82,3240,64,268.5,649.4,30,2,505,94.9,7,0,2,0.5,44,74
Phil,Bardsley,0,0,33,1670,27,139.6,267.8,66,0,224,47.4,4,0,9,0.1,42,75
Johann Berg,Gudmundsson,3,7,92,1743,39,574.1,456.2,380,6,339,141.1,5,0,2,1,55,76
Steven,Defour,0,0,10,449,14,36.6,61.4,0,0,70,9.9,0,0,0,0,53,77
Jeff,Hendrick,2,2,73,2058,44,205.3,233.8,269,3,243,70.6,4,0,4,0.2,52,78
Robbie,Brady,0,1,20,714,17,194.1,102,85,0,77,38.2,1,1,3,0,54,79
Ashley,Westwood,2,8,111,2821,55,643.1,623,253,10,518,152.3,7,0,5,3.1,46,80
Jonathan,Walters,0,0,0,0,0,0,0,0,0,0,0,0,0,0,0,47,81
Jack,Cork,1,2,87,3312,63,309.7,491.4,240,0,446,104.3,8,0,6,0.5,46,82
Aaron,Lennon,1,1,41,1214,22,121.2,151.6,108,2,133,38,3,0,1,0.3,49,83
Sam,Vokes,3,0,48,907,20,108.6,152,292,7,130,54.3,2,0,0,0.6,53,84
Ashley,Barnes,12,3,122,2378,41,309.9,581.2,1042,13,394,192.9,7,0,8,2.1,56,85
Nahki,Wells,0,0,0,0,0,0,0,0,0,0,0,0,0,0,0.8,45,86
Chris,Wood,10,3,131,2580,49,310.3,475.8,911,17,379,167.9,7,0,2,1.4,63,87
Anders,Lindegaard,0,0,0,0,0,0,0,0,0,0,0,0,0,0,0.1,43,485
Joe,Hart,0,0,69,1710,41,10.1,594.6,0,7,378,60.3,4,0,0,4.4,42,490
Ben,Gibson,1,0,6,62,3,0.4,42.4,33,0,17,7.6,0,0,1,0.1,48,491
Matej,Vydra,1,1,21,310,7,33.7,70.4,114,0,61,21.4,0,0,1,0,56,495
Dwight,McNeil,3,4,75,1590,25,442.8,405.2,279,6,305,112.5,5,0,2,0.8,44,534
Abd-Al-Ali Morakinyo Olaposi,Koiki,0,0,0,0,0,0,0,0,0,0,0,0,0,0,0,40,564
Josh,Benson,0,0,0,0,0,0,0,0,0,0,0,0,0,0,0,45,583
Peter,Crouch,0,1,8,86,3,1.6,7.6,115,0,24,12.3,0,0,1,0.9,44,590
Anthony,Driscoll-Glennon,0,0,0,0,0,0,0,0,0,0,0,0,0,0,0,40,615
Harry,Arter,0,1,48,1999,39,188.8,230.6,170,0,225,58.9,7,0,10,0.2,49,33
Neil,Etheridge,0,0,154,3420,69,21,1116.8,0,18,775,113.6,10,0,2,10.2,46,88
Alex,Smithies,0,0,0,0,0,0,0,0,0,0,0,0,0,0,0.1,42,89
Sean,Morrison,1,4,97,3039,63,239,673.4,580,5,477,149.4,9,0,6,0.4,47,90
Sol,Bamba,4,1,95,2475,52,51.4,787,304,11,459,114.2,7,0,7,1.5,44,91
Bruno,Ecuele Manga,0,1,97,3375,67,105.5,722,172,4,581,100.4,10,0,0,0.4,44,92
Matthew,Connolly,0,0,0,0,0,0,0,0,0,0,0,0,0,0,2.8,38,93
Joe,Bennett,0,1,77,2639,50,237.1,442.8,98,4,433,77.8,9,0,5,0.4,44,94
Lee,Peltier,0,0,43,1542,26,49.5,267.2,15,1,232,33.1,5,0,4,4,39,95
Ashley Darel Jazz,Richards,0,0,2,129,4,1.6,14.8,0,0,15,1.8,0,0,0,0.5,39,96
Greg,Halford,0,0,0,0,0,0,0,0,0,0,0,0,0,0,0,40,97
Joe,Ralls,0,0,45,1954,40,481.1,284.6,204,0,232,96.7,5,1,4,0.1,46,98
David Junior,Hoilett,3,2,82,2134,46,383.4,313.2,463,4,230,115.3,6,0,4,0.1,50,99
Nathaniel,Mendez-Laing,4,1,63,978,18,255,351.4,370,6,253,97.8,4,0,0,0,48,100
Callum,Paterson,4,2,80,1993,41,311.9,266.8,541,4,227,111.7,5,0,4,0.3,48,101
Aron,Gunnarsson,1,1,65,2266,40,217.5,370.6,201,3,290,78.9,6,0,5,0.6,44,102
Anthony,Pilkington,0,0,0,0,0,0,0,0,0,0,0,0,0,0,0.1,44,103
Loïc,Damour,0,0,2,21,2,1,0.6,8,0,6,0.9,0,0,0,0.1,43,104
Danny,Ward,1,0,22,435,14,83.3,81.8,168,0,67,32.9,0,0,0,0.2,43,105
Josh,Murphy,3,2,76,1810,32,267,285.6,550,3,191,109.5,7,0,2,0.2,48,106
Kenneth,Zohore,1,1,33,741,19,159.5,103.6,270,2,93,53.3,2,0,1,0.5,46,107
Omar,Bogle,0,0,0,0,0,0,0,0,0,0,0,0,0,0,0.1,45,108
Gary,Madine,0,0,5,32,3,1.5,2,8,0,13,1,0,0,0,0.9,44,109
Bobby,Reid,5,3,80,1413,30,224.4,296.6,392,9,276,91,4,0,0,0.9,52,110
Oumar,Niasse,0,0,30,988,13,85.7,70.8,317,0,29,47.1,5,0,0,0.4,50,176
Greg,Cunninghamm,0,0,9,630,17,69.7,106.4,19,0,72,19.6,1,0,3,0,41,467
Víctor,Camarasa,5,4,106,2569,53,798.4,515.8,387,5,398,170.2,9,0,6,2.2,44,504
Kadeem,Harris,1,1,24,365,6,87.7,90.4,89,0,80,26.7,1,0,1,0,45,535
Brian,Murphy,0,0,0,0,0,0,0,0,0,0,0,0,0,0,0.2,40,537
Rhys,Healey,0,0,3,49,1,10.9,4.2,12,0,7,2.7,0,0,0,0.1,45,573
Leandro,Bacuna,0,1,17,554,14,30.2,69,22,0,81,12,1,0,2,0,43,589
Thibaut,Courtois,0,0,0,0,0,0,0,0,0,0,0,0,0,0,0.5,55,111
Willy,Caballero,0,0,13,180,0,1,24.6,0,0,45,2.6,2,0,0,0.1,47,112
César,Azpilicueta,1,6,158,3402,39,525.1,815,286,11,822,163.2,16,0,4,9.6,64,113
Gary,Cahill,0,0,2,22,0,0,4.8,0,0,6,0.5,0,0,0,0.5,50,114
Marcos,Alonso,2,8,161,2759,28,520.1,619,475,21,702,161.7,14,0,6,22.1,62,115
David,Luiz Moreira Marinho,3,2,164,3238,36,358.7,859,363,19,794,158,16,0,3,11.7,58,116
Victor,Moses,0,0,2,26,1,12.7,1.2,6,0,3,2,0,0,0,1.2,55,117
Antonio,Rüdiger,1,2,116,2871,35,143.6,566.8,273,9,609,98.5,12,0,7,2.9,59,118
Andreas,Christensen,0,0,22,615,7,8.4,120.6,6,0,133,13.6,3,0,1,0.4,50,119
Davide,Zappacosta,0,0,9,125,0,14.7,17.4,29,0,30,6.1,1,0,0,0.1,50,120
Emerson,Palmieri dos Santos,0,0,22,660,11,113.8,104.6,81,1,130,30,2,0,0,0.2,52,121
Eden,Hazard,16,15,238,2918,35,1471.2,1306.2,1546,35,879,432.7,12,0,2,27.2,110,122
Cesc,Fàbregas,0,0,6,175,2,58.5,37,14,0,36,10.9,0,0,1,0.3,62,123
Willian,Borges Da Silva,3,7,108,2091,25,1165.5,557.6,742,6,475,246.7,11,0,2,3.8,71,124
Pedro,Rodríguez Ledesma,8,2,112,1768,19,503.5,530.2,733,12,440,176.5,7,0,2,3.3,62,125
N'Golo,Kanté,4,4,116,3092,38,766.3,683.6,412,3,563,186.4,14,0,3,15.8,49,126
Ross,Barkley,3,5,79,1231,13,349,324,429,5,300,110,7,0,1,1.3,50,127
Daniel,Drinkwater,0,0,0,0,0,0,0,0,0,0,0,0,0,0,0.1,46,128
Tiemoué,Bakayoko,0,0,0,0,0,0,0,0,0,0,0,0,0,0,0.1,49,129
Ethan,Ampadu,0,0,0,0,0,0,0,0,0,0,0,0,0,0,0,44,130
Callum,Hudson-Odoi,0,1,18,388,5,143.2,89.2,133,1,83,36.2,2,0,0,2.2,42,131
Ruben,Loftus-Cheek,6,2,79,980,9,254.9,391.6,346,6,292,99.4,5,0,0,0.8,52,132
Olivier,Giroud,2,4,55,828,5,253.6,183.2,519,2,169,94.5,6,0,1,1.9,77,133
Álvaro,Morata,5,0,46,936,11,130.2,219.8,523,3,119,86.3,6,0,3,1.3,84,134
Jorge Luiz,Frello Filho,2,0,96,3156,37,628.4,691.4,122,4,577,144.2,16,0,8,5.8,46,459
Tammy,Abraham,0,0,0,0,0,0,0,0,0,0,0,0,0,0,0.1,54,496
Kepa,Arrizabalaga,0,0,142,3240,39,0.1,681,0,7,685,68,14,0,2,4.9,54,498
Mateo,Kovacic,0,2,64,1725,19,468.8,315.4,311,2,343,109.9,9,0,3,0.7,57,499
Gonzalo,Higuaín,5,0,53,1084,15,241.7,240.4,644,6,178,112,5,0,0,1.5,90,579
Addji Keaninkin Marc-Israel,Guehi,0,0,0,0,0,0,0,0,0,0,0,0,0,0,0,40,624
Wayne,Hennessey,0,0,67,1575,26,0,358.8,0,6,311,35.9,5,0,0,2.4,44,135
Julian,Speroni,0,0,1,90,4,0,31.4,0,0,16,3.1,0,0,0,10.1,39,136
Vicente,Guaita,0,0,81,1754,23,0,448,0,8,378,44.8,7,0,2,2.4,43,137
James,Tomkins,1,1,86,2561,37,83,560.8,276,0,504,92.3,10,0,6,2.3,43,138
Scott,Dann,0,1,23,661,10,22.5,186.2,71,0,129,28.1,2,0,1,0.1,44,139
Martin,Kelly,0,0,26,1110,21,17.1,269.8,34,1,166,32.2,3,0,2,5,39,140
Jeffrey,Schlupp,4,3,91,1660,26,240.5,385.2,430,3,301,105.7,4,0,1,2.5,43,141
Patrick,van Aanholt,3,2,140,3196,46,520.4,616,448,17,626,158.7,12,0,3,5.7,55,142
Mamadou,Sakho,0,0,88,2416,35,78.2,540.6,47,13,533,66.6,9,0,2,1.2,49,143
Jairo,Riedewald,0,0,0,0,0,0,0,0,0,0,0,0,0,0,0,43,144
Aaron,Wan-Bissaka,0,3,120,3134,47,266.8,863.4,139,18,672,127.1,12,1,4,26.3,46,145
James,McArthur,3,7,121,3057,49,457.2,666.8,487,7,500,161.3,11,0,7,3.4,49,147
Bakary,Sako,0,0,4,26,2,0.5,3,0,0,10,0.3,0,0,0,0,49,148
Andros,Townsend,6,5,135,3007,46,928.5,743,622,8,520,229.6,11,0,1,3.5,56,149
Luka,Milivojevic,12,2,166,3420,53,910.1,1078.2,473,24,741,246.3,12,0,10,10.6,65,150
Wilfried,Zaha,10,11,143,3037,49,753.3,752.8,1200,13,459,270.6,11,1,8,15.6,70,151
Christian,Benteke,1,1,33,807,13,118.4,106,348,3,65,56.1,3,0,1,0.5,63,152
Alexander,Sørloth,0,0,12,173,3,38.3,19.2,59,0,32,11.3,0,0,0,0.1,48,153
Cheikhou,Kouyaté,0,3,67,1889,30,198.5,337.4,222,0,251,75.6,9,0,3,0.2,47,412
Joel,Ward,1,0,13,551,14,28.9,131.8,43,0,68,20.5,0,0,1,0.2,43,441
Jaroslaw,Jach,0,0,0,0,0,0,0,0,0,0,0,0,0,0,0,40,442
Pape,Souaré,0,0,1,1,0,0.1,1,0,0,3,0.1,0,0,0,0.1,42,443
Connor,Wickham,0,1,9,61,1,41.9,23.2,55,0,23,12,0,0,0,0.1,49,444
Sullay,Kaikai,0,0,0,0,0,0,0,0,0,0,0,0,0,0,0.1,43,477
Max,Meyer,1,3,60,1405,24,309.9,236,433,0,223,98,6,0,3,0.2,55,486
Jordan,Ayew,1,3,46,1176,13,207.3,140.2,421,2,114,76.7,5,0,3,0.2,57,505
Joe,Tupper,0,0,0,0,0,0,0,0,0,0,0,0,0,0,0,40,576
Lucas,Perri,0,0,0,0,0,0,0,0,0,0,0,0,0,0,0,40,584
Michy,Batshuayi,5,1,48,748,11,41.4,198.6,406,5,159,64.2,3,0,0,0.8,62,592
Sam,Woods,0,0,0,0,0,0,0,0,0,0,0,0,0,0,0,40,609
Luke,Dreher,0,0,1,1,0,0.6,0.2,0,0,3,0.1,0,0,0,0,45,618
Nikola,Tavares,0,0,0,0,0,0,0,0,0,0,0,0,0,0,0,40,619
Jordan,Pickford,0,0,161,3420,46,10,776.4,0,13,706,78.5,14,0,1,13.3,49,154
Maarten,Stekelenburg,0,0,0,0,0,0,0,0,0,0,0,0,0,0,3.4,39,155
Leighton,Baines,0,0,7,374,6,91.4,48.4,15,0,48,15.4,0,0,0,0.5,50,156
Seamus,Coleman,2,2,125,2558,30,387.3,515.2,274,12,548,117.6,13,0,1,1.6,52,157
Phil,Jagielka,1,0,22,329,4,21.4,82.2,43,3,80,14.6,2,1,0,0.6,43,158
Ashley,Williams,0,0,0,0,0,0,0,0,0,0,0,0,0,0,0,45,159
Mason,Holgate,0,0,5,407,9,5,92.2,2,0,61,9.9,0,0,1,0.1,43,160
Jonjoe,Kenny,0,1,19,789,15,102.7,166.2,12,0,134,28,1,0,1,0.2,41,161
Michael,Keane,1,2,129,2970,39,101.2,740.2,326,15,642,117.2,13,0,2,4.3,48,162
Cuco,Martina,0,0,0,0,0,0,0,0,0,0,0,0,0,0,0,45,163
Theo,Walcott,5,3,101,2108,33,342.9,420,699,4,292,145.7,6,0,1,2.5,59,164
Yannick,Bolasie,0,0,0,0,0,0,0,0,0,0,0,0,0,0,0.1,58,165
James,McCarthy,0,0,1,14,0,0.1,5.2,0,0,3,0.5,0,0,0,0,44,166
Morgan,Schneiderlin,0,1,28,832,9,124.7,151.6,17,0,152,29.4,5,0,2,1.8,42,167
Idrissa,Gueye,0,2,78,2821,31,311.3,629.2,168,0,472,111.1,13,0,6,0.3,47,168
Tom,Davies,0,0,26,975,19,96.2,122.6,103,0,127,32.1,2,0,3,0.1,50,169
Ademola,Lookman,0,3,34,600,8,172.1,131.4,211,0,110,51.6,1,0,0,0.1,49,170
Davy,Klaassen,0,0,0,0,0,0,0,0,0,0,0,0,0,0,0,60,171
Gylfi,Sigurdsson,13,6,182,3122,41,1098.5,959.8,1084,20,662,314.2,15,0,3,8.3,74,172
Nikola,Vlasic,0,0,0,0,0,0,0,0,0,0,0,0,0,0,0,50,173
Beni,Baningime,0,0,0,0,0,0,0,0,0,0,0,0,0,0,0,43,174
Dominic,Calvert-Lewin,6,5,92,1769,26,185.7,321.8,618,3,267,111.5,8,0,3,1.9,54,175
Cenk,Tosun,3,3,56,1044,17,172.2,212.6,546,3,166,92.8,1,0,3,1.5,64,177
Richarlison,de Andrade,13,3,153,2662,36,350.7,698.4,1209,12,400,224.5,11,1,5,13.3,64,393
Kevin,Mirallas,0,0,0,0,0,0,0,0,0,0,0,0,0,0,0,55,469
Sandro,Ramírez,0,0,0,0,0,0,0,0,0,0,0,0,0,0,0.1,54,470
Lucas,Digne,4,5,158,2964,38,1142,883,300,22,736,232.7,13,1,5,10.2,54,484
Yerry,Mina,1,0,36,891,13,37.5,198.2,61,2,176,29.6,3,0,3,0.5,54,506
Bernard,Anício Caldeira Duarte,1,4,88,2108,19,589.6,366,377,5,319,133.3,13,0,5,0.3,59,507
André Filipe,Tavares Gomes,1,2,64,1977,28,154.6,268.4,207,2,268,63.1,9,0,7,0.2,54,508
Kurt,Zouma,2,2,112,2613,39,83.7,565.2,235,12,543,88.8,10,1,3,1,50,526
Kieran,Dowell,0,0,0,0,0,0,0,0,0,0,0,0,0,0,0,45,528
Tyias,Browning,0,0,0,0,0,0,0,0,0,0,0,0,0,0,0.1,40,532
Calum,Chambers,2,0,60,2586,52,231.9,609,401,0,431,124.5,5,0,9,1.1,42,9
Marcus,Bettinelli,0,0,15,630,20,0,195,0,0,114,19.4,0,0,1,0.3,42,178
Tim,Ream,0,0,50,2046,49,46.3,331.6,3,4,349,38.3,5,0,1,0.3,42,180
Denis,Odoi,0,1,44,2593,62,164.2,575.2,93,2,427,83.5,3,0,4,0.1,44,181
Tom,Cairney,1,1,71,2188,51,586.7,358,199,3,389,114.5,5,0,0,0.5,46,182
Kevin,McDonald,0,0,17,837,27,71.9,99.6,15,0,123,18.7,0,1,4,0.2,42,183
Ryan,Sessegnon,2,7,94,2291,60,468.3,410.4,438,3,295,132,3,0,0,1.9,60,184
Stefan,Johansen,0,0,11,409,12,33,48.8,7,0,48,9,0,0,4,0,50,185
Floyd,Ayité,1,0,24,466,13,117.5,90,74,0,91,28,0,0,0,0.1,42,186
Neeskens,Kebano,0,0,7,101,3,8.3,17.6,8,0,24,3.4,0,0,0,0,43,187
Rui Pedro,da Rocha Fonte,0,0,0,0,0,0,0,0,0,0,0,0,0,0,0.1,44,188
Aboubakar,Kamara,3,0,28,688,17,149.5,150,244,2,82,53.1,1,0,2,5.1,45,189
Maxime,Le Marchand,0,1,38,2250,53,131.7,577.8,99,1,409,81.2,3,0,5,0.2,42,455
Jean Michael,Seri,1,3,72,2239,54,849.4,460.2,164,6,422,147.5,3,0,6,1.3,49,456
Cyrus,Christie,0,1,42,1941,42,293.1,423.2,107,2,278,82.2,3,0,7,0.2,42,460
Fabricio,Agosto Ramírez,0,0,8,180,5,0,115.2,0,2,47,11.5,0,0,0,0.2,42,474
André,Schürrle,6,0,75,1638,43,310.6,361.8,474,2,260,114,2,0,2,2.1,55,478
Aleksandar,Mitrovic,11,4,134,3280,78,499.5,638.8,1593,12,350,273.4,5,0,7,10.8,63,480
Alfie,Mawson,0,0,19,1130,26,23.2,259.2,31,2,174,31.3,1,0,2,0.1,47,487
Sergio,Rico,0,0,86,2610,56,20.3,851.4,0,8,519,87.1,5,0,1,0.7,44,509
Joe,Bryan,0,1,52,2344,54,385.4,469.2,226,4,397,108.1,5,0,5,0.2,48,510
Timothy,Fosu-Mensah,0,0,14,791,18,100.3,136.4,28,1,119,26.4,1,0,3,0.3,45,511
André-Frank,Zambo Anguissa,0,0,37,1512,33,137,315.8,163,0,235,61.4,3,1,1,0.1,44,512
Luciano,Vietto,1,4,47,980,21,306.8,206.2,346,4,171,85.6,1,0,1,0.4,53,513
Ibrahima,Cissé,0,0,4,86,4,2.1,11.6,0,0,16,1.4,0,0,0,0.1,43,521
Zeze Steven,Sessegnon,0,0,0,0,0,0,0,0,0,0,0,0,0,0,0.1,40,541
Ryan,Babel,5,4,75,1250,26,336.8,322,355,8,246,101.5,3,0,3,1.7,56,575
Håvard,Nordtveit,0,1,8,361,10,31.4,93,0,0,70,12.4,0,0,0,0,45,593
Lazar,Markovic,0,0,1,45,1,13,6.2,4,0,3,2.3,0,0,0,0,47,594
Harvey,Elliott,0,0,2,18,1,1.7,3.8,17,0,7,2.2,0,0,0,0.6,40,610
Luca,De La Torre,0,0,0,0,0,0,0,0,0,0,0,0,0,0,0,45,621
Jason,Puncheon,0,0,15,392,9,79.9,43.6,39,0,50,16.3,1,0,1,1,41,146
Ben,Hamer,0,0,9,552,21,0,158,0,0,98,15.7,0,0,0,5.3,39,190
Jonas,Lössl,0,1,99,2777,54,40.3,764.2,4,9,541,80.7,5,0,1,1.5,44,191
Christopher,Schindler,1,1,76,3260,72,35.8,679.4,169,7,517,88.7,5,1,4,2,42,192
Chris,Löwe,0,4,49,2052,55,379.9,325.8,183,6,313,88.8,1,0,2,0.1,44,193
Tommy,Smith,0,0,9,1141,37,116.2,161.4,36,0,141,31.5,1,1,2,0.1,44,194
Mathias,Jorgensen,3,1,67,2147,38,103.7,544.2,169,4,402,81.9,3,0,6,2.3,44,195
Scott,Malone,0,0,0,0,0,0,0,0,0,0,0,0,0,0,1.1,40,196
Florent,Hadergjonaj,0,0,50,1837,36,395.7,286.8,80,1,307,76.2,4,0,1,0.1,43,197
Terence,Kongolo,1,1,60,2716,65,138.5,581,160,4,429,88.1,4,0,4,0.2,43,198
Aaron,Mooy,3,1,76,2326,48,725.2,510.8,359,5,411,159.7,3,0,4,1,50,199
Rajiv,van La Parra,0,0,10,405,6,57.6,27.8,41,0,13,12.6,1,0,0,0,46,200
Jonathan,Hogg,0,1,54,2369,44,271.1,390.4,70,3,326,72.5,5,1,8,0.2,44,201
Philip,Billing,2,0,63,2187,43,341,494.6,375,4,317,121.3,5,0,7,1,45,202
Tom,Ince,0,0,0,0,0,0,0,0,0,0,0,0,0,0,0,50,203
Danny,Williams,0,0,6,94,1,11.4,8.6,1,0,12,2,1,0,1,0,45,204
Abdelhamid,Sabiri,0,0,2,48,3,0.5,4.2,2,0,6,0.7,0,0,0,0,43,205
Alex,Pritchard,2,0,69,2079,40,497.9,297.4,546,2,251,134,7,0,2,0.1,48,206
Ramadan,Sobhi,0,0,4,75,2,48.2,15.4,6,0,13,6.9,0,0,0,0.1,47,207
Juninho,Bacuna,1,0,39,1410,37,278.8,246.4,131,1,179,65.9,0,0,4,0.4,42,208
Collin,Quaner,0,0,2,37,2,13.7,2.2,0,0,3,1.6,0,0,0,3.5,43,209
Laurent,Depoitre,0,1,34,1058,23,124.3,51.6,381,0,40,54.8,0,0,1,0.3,51,210
Steve,Mounie,2,4,69,1767,38,251.7,226.4,788,4,153,123.9,5,1,1,0.2,58,211
Elias,Kachunga,0,0,29,1175,30,109,83.6,180,0,41,36.7,1,0,2,0.1,48,212
Erik,Durm,0,1,49,2049,45,209.2,281.8,114,2,297,60.7,3,0,0,0.1,44,461
Adama,Diakhaby,0,1,19,548,16,80.6,40,115,0,38,23.4,1,0,1,0,45,471
Isaac,Mbenza,1,1,38,977,25,118.5,110.4,174,0,127,40,0,0,1,0,59,514
Jon Gorenc,Stankovic,1,0,24,715,20,28.2,166.6,101,2,127,29.5,2,0,2,2.9,39,522
Ryan,Schofield,0,0,0,0,0,0,0,0,0,0,0,0,0,0,0.1,40,533
Karlan,Grant,3,2,45,873,23,109.6,141.8,308,5,123,55.9,1,0,0,0.2,50,585
Joel,Coleman,0,0,2,90,1,0,14.8,0,0,13,1.5,0,0,0,0,40,598
Demeaco,Duhaney,0,0,1,45,0,1.6,3.8,0,0,1,0.5,0,0,0,0,40,601
Matthew,Daly,0,0,2,73,1,1,0.6,2,0,5,0.4,0,0,0,0,45,606
Aaron,Rowe,0,0,2,68,1,1.2,0,0,0,-2,0,0,0,0,0,45,607
Kasper,Schmeichel,0,0,120,3420,48,10,756.8,4,6,618,76.9,10,0,3,4.7,50,213
Eldin,Jakupovic,0,0,0,0,0,0,0,0,0,0,0,0,0,0,0.1,43,214
Wes,Morgan,3,0,76,1924,28,40.1,471,293,7,365,80.5,6,2,1,1.6,45,215
Christian,Fuchs,0,0,3,206,5,85.6,50.4,14,0,38,14.9,0,0,0,0.4,41,216
Danny,Simpson,0,0,12,289,4,13.2,74.6,2,0,50,9,1,0,0,0.2,42,217
Yohan,Benalouane,0,0,0,0,0,0,0,0,0,0,0,0,0,0,0.7,39,218
Benjamin,Chilwell,0,5,118,3240,43,674.6,721,298,8,578,170,10,0,4,2.8,50,219
Harry,Maguire,3,1,92,2596,41,165.3,715.8,462,10,533,134.3,6,1,6,8.3,54,220
Ricardo Domingos,Barbosa Pereira,2,8,146,3123,45,517.6,889,430,22,693,183.7,10,0,7,10.6,53,221
Jonny,Evans,1,0,77,1993,26,66.1,460,158,3,418,68.5,8,0,2,0.4,48,222
Marc,Albrighton,2,2,63,1617,17,446.8,371.2,242,4,279,106.1,5,0,3,0.3,51,224
Demarai,Gray,4,1,84,1978,29,310.2,320.2,599,3,244,122.5,6,0,2,0.9,54,225
Daniel,Amartey,0,0,15,639,9,46.7,139,21,0,103,20.8,1,0,2,0.2,43,226
Wilfred,Ndidi,2,0,89,3295,47,342.4,726,346,4,571,141.6,9,0,8,0.8,49,227
Vicente,Iborra,0,0,9,224,4,27.8,26.8,25,0,31,8,0,0,0,0,47,228
Matty,James,0,0,0,0,0,0,0,0,0,0,0,0,0,0,0,44,229
Hamza,Choudhury,0,0,20,593,4,73.7,119.6,51,0,80,24.6,4,0,0,0.1,43,230
Adrien Sebastian,Perruchet Silva,0,0,3,87,1,6.3,14.2,0,0,16,2.1,0,0,0,0.1,47,231
Fousseni,Diabaté,0,0,1,54,1,15.8,7.4,0,0,4,2.3,0,0,0,0,46,232
James,Maddison,7,7,137,2831,44,1515,801.4,769,12,619,308.4,8,1,3,5.2,66,233
Jamie,Vardy,18,5,174,2726,36,419.9,822,1206,31,598,244.6,11,1,3,10.3,90,234
Shinji,Okazaki,0,1,25,269,4,28.6,45.6,90,0,59,16.3,0,0,0,0.5,51,235
Kelechi,Iheanacho,1,5,58,924,16,209.4,135.8,230,3,160,56.9,1,0,2,0.8,57,236
Danny,Ward,0,0,0,0,0,0,0,0,0,0,0,0,0,0,0.1,43,457
Rachid,Ghezzal,1,0,28,733,13,307,147.8,228,2,112,68.3,1,0,3,0.1,50,492
Filip,Benkovic,0,0,0,0,0,0,0,0,0,0,0,0,0,0,0,50,501
Çaglar,Söyüncü,0,0,9,371,4,6.8,76.6,22,0,48,10.6,0,0,1,0,48,515
Nampalys,Mendy,0,1,58,2085,29,135.5,235.8,23,0,291,39.5,7,0,5,0.9,43,527
Josh,Knight,0,0,0,0,0,0,0,0,0,0,0,0,0,0,0,40,558
Harvey,Barnes,1,3,43,1001,16,242,172.8,534,1,139,94.8,1,0,0,0.2,55,571
Youri,Tielemans,3,5,63,1087,14,269.7,299,249,6,267,81.8,3,0,2,1.7,60,591
Simon,Mignolet,0,0,0,0,0,0,0,0,0,0,0,0,0,0,0.1,47,237
Loris,Karius,0,0,0,0,0,0,0,0,0,0,0,0,0,0,0.1,49,238
Dejan,Lovren,1,1,63,986,7,29.1,255.8,72,9,258,35.7,6,0,1,1.5,49,239
Alberto,Moreno,0,0,4,154,2,42,20,5,0,24,6.7,0,0,0,0.2,41,240
Joseph,Gomez,0,0,55,1059,4,92.1,209.8,44,2,268,34.7,7,0,2,1,48,242
Joel,Matip,1,0,83,1535,12,57.9,414.6,85,7,402,55.9,9,0,3,1.1,49,243
Ragnar,Klavan,0,0,0,0,0,0,0,0,0,0,0,0,0,0,0,44,244
Trent,Alexander-Arnold,1,13,185,2460,14,837.4,734.4,276,25,753,184.7,16,0,3,26.9,58,245
Virgil,van Dijk,4,4,208,3384,22,111.1,993.6,455,22,932,156.1,20,0,1,32.3,67,246
Andrew,Robertson,0,12,213,3216,20,767.2,748.8,318,29,906,183.6,21,0,4,33,67,247
Alex,Oxlade-Chamberlain,0,0,2,19,0,10.8,10.2,19,0,7,4,0,0,0,0.1,64,248
Jordan,Henderson,1,3,76,1976,14,311.7,358.8,182,2,397,85.4,12,1,1,0.7,53,249
Adam,Lallana,0,1,23,460,3,139,85.4,113,0,96,33.8,3,0,1,0.6,69,250
Sadio,Mané,22,3,231,3076,21,692.8,1015.8,1332,24,703,304,19,0,2,38.6,103,251
Georginio,Wijnaldum,3,1,108,2723,16,405.2,437.6,338,9,470,118.4,18,0,3,1.4,55,252
Mohamed,Salah,22,12,259,3254,20,973.9,1186.8,2168,18,687,432.7,21,0,1,33.9,132,253
James,Milner,5,5,101,1778,13,725.2,587.2,374,12,448,169.2,9,1,5,2.5,56,254
Fabio Henrique,Tavares,1,2,65,2011,14,283.4,406.2,173,0,305,86.4,11,0,6,0.6,55,255
Naby,Keita,2,1,67,1385,8,213.1,293.6,356,3,246,86.3,10,0,0,1.5,71,256
Roberto,Firmino,12,8,160,2606,15,670.1,774.8,1240,24,647,267.8,19,0,0,14.2,93,257
Xherdan,Shaqiri,6,5,88,1052,6,344.7,363.6,282,4,302,99.1,7,0,2,2.1,68,462
Alisson,Ramses Becker,0,0,176,3420,22,0.1,677,0,9,771,67.6,21,0,1,23.4,59,468
Daniel,Sturridge,2,1,34,498,5,117.6,117.6,186,2,121,41.7,2,0,1,1,56,472
Divock,Origi,3,1,32,364,2,45,143.4,195,1,122,38.2,3,0,0,0.3,50,543
Rafael,Camacho,0,0,1,1,1,0,2,0,0,3,0.2,0,0,0,0,50,557
Curtis,Jones,0,0,0,0,0,0,0,0,0,0,0,0,0,0,0,45,597
Riyad,Mahrez,7,4,102,1331,9,450.8,459.4,731,14,349,164.1,4,0,0,1.7,82,223
Ederson,Santana de Moraes,0,1,169,3420,23,33,535.2,0,6,700,56.8,20,0,2,22.9,57,260
Claudio,Bravo,0,0,0,0,0,0,0,0,0,0,0,0,0,0,0.1,48,261
John,Stones,0,0,83,1761,15,115.5,376.6,49,9,431,54.1,9,0,1,4.6,52,262
Vincent,Kompany,1,0,58,1220,7,44.2,329,55,4,294,43,6,0,6,1.7,52,263
Nicolás,Otamendi,0,0,70,1233,7,53.7,281.2,143,5,335,47.8,9,0,1,2.6,60,264
Kyle,Walker,1,1,150,2776,17,448.4,498.8,183,11,684,113.1,18,0,3,12.1,64,265
Danilo Luiz,da Silva,1,0,46,805,7,118,165.2,99,7,202,38.2,4,0,1,0.6,48,266
Benjamin,Mendy,0,6,59,900,6,222.7,250.8,70,6,262,54.2,4,0,1,5.9,61,267
Aymeric,Laporte,3,3,177,3056,21,239.3,790,278,16,768,131.2,18,0,3,16.7,63,268
Fabian,Delph,0,1,29,722,9,97.8,153.8,24,2,186,27.5,3,1,1,0.3,53,269
Raheem,Sterling,17,15,234,2770,19,937.4,1060,1572,25,743,357.1,17,0,3,24.8,117,270
David,Silva,6,8,143,2399,14,1150.3,715.2,1092,14,614,295.8,16,0,2,4.4,85,271
Fernando,Luiz Rosa,1,3,79,2375,15,396.8,534.6,208,4,444,114.2,12,0,5,2.9,53,272
Kevin,De Bruyne,2,3,59,968,3,562.3,301.4,317,8,268,117.9,6,0,2,3.4,96,273
Ilkay,Gündogan,6,3,113,2129,15,819.7,548.8,447,10,528,181.6,13,0,3,2.3,54,274
Leroy,Sané,10,12,156,1857,14,645,716.8,1039,13,520,240.3,9,0,1,7.3,93,275
Bernardo Mota,Veiga de Carvalho e Silva,7,8,154,2849,22,1026.3,796.4,1069,17,649,289.6,15,0,3,13.6,78,276
Phil,Foden,1,0,25,328,0,133.8,85,208,3,93,42.6,2,0,0,0.2,45,277
Brahim,Diaz,0,0,0,0,0,0,0,0,0,0,0,0,0,0,0,47,278
Oleksandr,Zinchenko,0,3,44,1151,4,278.6,279.2,77,1,230,63.5,9,0,1,0.2,47,279
Sergio,Agüero,21,11,201,2457,15,523.7,946.6,1685,26,740,315.4,17,0,4,42.7,120,280
Gabriel Fernando,de Jesus,7,3,79,1017,11,300.5,395.2,864,7,259,156.3,2,0,1,1.6,99,281
Arijanet,Muric,0,0,0,0,0,0,0,0,0,0,0,0,0,0,0,45,529
Philippe,Sandler,0,0,0,0,0,0,0,0,0,0,0,0,0,0,0,40,604
David,de Gea,0,0,120,3420,54,0,846,0,7,636,84.5,7,0,1,16.2,57,282
Sergio,Romero,0,0,0,0,0,0,0,0,0,0,0,0,0,0,0.1,49,283
Chris,Smalling,1,0,56,2127,36,31,453.4,176,3,335,66,4,0,1,1.4,56,284
Phil,Jones,0,1,43,1261,17,44.8,300.8,42,3,273,39,3,0,1,0.5,51,285
Luke,Shaw,1,5,91,2591,39,505.6,586.2,287,11,489,138.1,6,0,11,8.1,51,286
Marcos,Rojo,0,0,2,209,5,3.1,42.2,63,0,15,10.9,0,0,2,0.1,49,287
Antonio,Valencia,0,0,17,466,5,111.2,61.4,6,1,92,17.9,2,0,2,0.7,64,288
Matteo,Darmian,0,0,14,443,8,34.9,84.2,7,2,83,12.6,1,0,0,0.2,46,289
Daley,Blind,0,0,0,0,0,0,0,0,0,0,0,0,0,0,0,50,290
Eric,Bailly,0,0,16,636,13,3.4,125,35,0,109,16.5,1,1,0,1.3,50,291
Victor,Lindelöf,1,1,85,2600,40,75.3,533,118,9,527,72.8,6,0,1,5.2,49,292
Ashley,Young,2,3,73,2568,44,650.5,554.4,124,4,450,133,4,1,8,1.7,57,293
José Diogo,Dalot Teixeira,0,2,27,1009,18,259,184.4,94,0,171,53.7,1,0,3,0.2,53,294
Alexis,Sánchez,1,5,47,869,10,297.2,207.6,307,1,168,81.1,2,0,3,1.2,100,295
Nemanja,Matic,1,0,59,2437,37,247.9,477.6,183,2,371,90.9,6,1,6,0.7,50,296
Juan,Mata,3,4,70,1284,15,464,258.4,262,7,274,98.6,5,0,3,1.2,61,297
Marouane,Fellaini,0,2,26,746,14,65.6,172.2,145,0,119,38.1,1,0,1,0.4,48,298
Ander,Herrera,2,3,62,1397,18,234.6,399.2,257,6,302,89.2,5,0,4,0.5,50,299
Jesse,Lingard,4,3,78,1657,26,306.1,310,395,5,270,101.1,3,0,3,2.6,67,300
Anthony,Martial,10,4,122,1613,25,503.3,532.8,755,13,389,178.9,5,0,2,3.4,72,301
Paul,Pogba,13,10,179,3007,43,822.3,1096.8,1246,19,648,316.9,8,0,6,33.7,86,302
Scott,McTominay,2,0,38,862,18,33.1,175.4,180,4,152,38.8,1,0,1,1.2,42,303
Frederico,Rodrigues de Paula Santos,1,2,40,1039,19,203.2,177.6,87,3,180,46.9,1,0,2,1.2,53,304
Marcus,Rashford,10,7,128,2331,35,542.3,650,1064,14,425,224.6,6,1,3,21.9,73,305
Romelu,Lukaku,12,1,115,2126,38,330.2,550.6,1052,14,361,193.5,4,0,4,3.9,107,306
Andreas,Pereira,1,1,27,590,13,139.5,132.8,67,2,115,33.8,1,0,5,0.3,45,481
Lee,Grant,0,0,0,0,0,0,0,0,0,0,0,0,0,0,0,48,520
Angel,Gomes,0,0,2,25,1,2.3,5.2,18,0,4,2.6,0,0,0,0,50,568
James,Garner,0,0,1,1,0,0,0,0,0,3,0,0,0,0,0,45,602
Tahith,Chong,0,0,2,37,1,2.1,6.2,39,0,3,4.7,0,0,0,0,45,603
Mason,Greenwood,0,0,4,115,2,43.3,24,90,0,12,15.7,0,0,0,0.2,45,608
Robert,Elliot,0,0,0,0,0,0,0,0,0,0,0,0,0,0,0.1,43,307
Karl,Darlow,0,0,0,0,0,0,0,0,0,0,0,0,0,0,0.1,44,308
Martin,Dubravka,0,0,131,3420,48,0,783.6,0,10,647,78.4,11,0,1,1,50,309
DeAndre,Yedlin,1,2,63,2472,41,406.3,436.4,113,1,325,95.8,5,1,6,0.9,45,310
Ciaran,Clark,3,0,42,857,15,25,293.2,105,4,194,42.6,2,0,1,0.2,45,311
Jamaal,Lascelles,0,1,95,2745,36,46.8,632.4,113,8,539,79.6,10,0,4,3.1,47,312
Paul,Dummett,0,0,67,1986,27,94,424.2,58,3,365,57.6,7,0,1,0.2,44,313
Florian,Lejeune,0,0,35,1054,13,82.5,211.6,59,0,209,35.3,4,0,0,0.1,44,314
Javier,Manquillo,0,3,53,1098,16,127.3,231,28,5,231,38.8,4,0,2,0.3,43,315
Chancel,Mbemba,0,0,0,0,0,0,0,0,0,0,0,0,0,0,0.1,40,316
Matt,Ritchie,2,8,110,2927,40,973.8,712.4,448,7,504,213.6,10,0,9,0.6,58,317
Jonjo,Shelvey,1,1,39,943,13,351.7,226.2,154,2,170,73.2,5,0,1,0.3,53,318
Mohamed,Diamé,0,0,56,2162,32,82.9,310.8,204,0,213,60,7,0,3,0.1,48,319
Christian,Atsu,1,1,55,1481,18,273,218.8,331,0,175,82.3,6,0,2,0.1,51,320
Jacob,Murphy,0,1,16,296,8,31.1,53.6,22,0,50,10.7,1,0,0,0,47,321
Mikel,Merino,0,0,0,0,0,0,0,0,0,0,0,0,0,0,0,50,322
Isaac,Hayden,1,4,69,1857,25,298.8,412,232,5,306,94.4,7,1,3,1.4,43,323
Sung-yueng,Ki,0,1,38,1298,20,258.4,163.2,45,1,197,46.7,4,0,2,0.1,47,324
Dwight,Gayle,0,0,0,0,0,0,0,0,0,0,0,0,0,0,0.1,60,325
Ayoze,Pérez,12,2,141,2916,35,585.6,783.6,954,19,541,232.1,11,0,2,3.4,61,326
Jose Luis,Mato Sanmartín,2,0,30,586,15,35.9,121.4,290,3,89,44.6,1,0,1,2.1,47,327
Robert Kenedy,Nunes do Nascimento,1,1,50,1337,18,187.9,212.8,297,1,161,69.8,6,0,1,0.5,47,458
Fabian,Schär,4,1,93,2000,23,148.6,669.4,220,9,403,103.8,7,0,12,1.3,45,482
Yoshinori,Muto,1,0,24,514,10,66.8,71.8,140,0,65,27.4,1,0,1,0.1,56,488
Salomón,Rondón,11,8,148,2601,31,468,645.6,1249,20,466,236,9,0,1,7.7,59,493
Federico,Fernández,0,2,47,1482,24,63.7,350,70,5,277,48.5,3,0,2,0.2,44,516
Jamie,Sterry,0,0,0,0,0,0,0,0,0,0,0,0,0,0,0.1,40,530
Sean,Longstaff,1,1,26,686,9,71.8,130.4,106,1,117,30.9,3,0,2,0,45,531
Frederick,Woodman,0,0,0,0,0,0,0,0,0,0,0,0,0,0,0.2,40,553
Callum,Roberts,0,0,0,0,0,0,0,0,0,0,0,0,0,0,0,45,577
Miguel,Almirón,0,2,28,758,11,189.8,121.4,235,0,107,54.6,3,0,0,0.2,60,587
Antonio,Barreca,0,0,1,4,0,0,0.2,0,0,3,0,0,0,0,0,41,588
Kelland,Watts,0,0,0,0,0,0,0,0,0,0,0,0,0,0,0,45,622
Lewis,Cass,0,0,0,0,0,0,0,0,0,0,0,0,0,0,0,40,623
Danny,Ings,7,3,90,1650,27,346.9,433.8,808,11,310,158.4,5,0,1,3.2,54,258
Alex,McCarthy,0,0,73,2250,44,0,585.2,0,6,414,58.6,4,0,1,2,43,328
Fraser,Forster,0,0,2,90,3,0,22.2,0,0,13,2.2,0,0,0,0.6,42,329
Ryan,Bertrand,1,0,56,2160,42,379.4,326.8,123,1,291,82.6,6,0,8,2.4,48,330
Maya,Yoshida,0,1,44,1518,29,57.4,387,189,4,278,63.4,3,0,0,1.1,41,331
Cédric,Soares,1,2,52,1493,31,226.5,309,103,7,273,63.9,4,0,4,2.1,42,332
Jack,Stephens,1,0,47,1697,35,65.5,394.4,143,4,282,60.4,3,0,4,0.3,42,333
Sam,McQueen,0,0,0,0,0,0,0,0,0,0,0,0,0,0,0.4,40,334
Jan,Bednarek,0,1,49,2150,37,108.8,616,91,3,365,81.9,3,0,7,7.4,40,335
Wesley,Hoedt,0,0,29,1170,24,20,283.6,41,3,206,34.7,4,0,2,0.2,42,336
Steven,Davis,0,1,9,97,4,41.6,38.8,2,2,39,8.2,0,0,0,0,46,337
James,Ward-Prowse,7,0,94,1940,41,695.8,592,387,15,390,167.4,3,0,4,3.7,51,338
Oriol,Romeu Vidal,1,0,55,2131,37,158.4,455.2,124,3,282,74,6,0,11,2.2,42,339
Pierre-Emile,Højbjerg,4,3,90,2760,59,445.6,616,421,8,477,148.8,4,2,7,3.2,44,340
Sofiane,Boufal,0,0,0,0,0,0,0,0,0,0,0,0,0,0,0,55,341
Joshua,Sims,0,1,11,208,6,18.5,21.8,56,0,27,9.6,0,0,0,0,44,342
Nathan,Redmond,6,5,137,3272,58,802.3,665.4,950,12,433,241.4,9,0,3,6.9,55,343
Mario,Lemina,1,2,50,1612,37,214.7,313,188,2,270,71.6,4,0,5,0.2,47,344
Stuart,Armstrong,3,4,75,1421,26,392.4,305.6,379,3,269,107.5,5,0,2,0.2,51,345
Mohamed,Elyounoussi,0,0,28,785,10,228.3,94.2,220,0,91,54.2,4,0,0,0.1,60,346
Shane,Long,5,2,66,1260,24,179.2,248.6,417,5,191,84.2,2,0,3,4.9,47,347
Charlie,Austin,2,2,46,970,17,115.3,158.4,405,1,117,67.4,5,0,1,0.4,55,348
Manolo,Gabbiadini,1,0,23,468,12,72.7,74.4,167,3,56,30.8,0,0,0,0.1,56,349
Guido,Carrillo,0,0,0,0,0,0,0,0,0,0,0,0,0,0,0,55,350
Angus,Gunn,0,0,47,1080,18,0,239.2,0,4,206,23.8,3,0,0,1.1,43,452
Jannik,Vestergaard,0,0,50,2027,31,76.6,576.6,104,0,396,75.9,4,0,2,0.2,46,463
Matt,Targett,1,3,36,1185,25,366.8,314.2,181,3,229,86.2,0,0,2,0.1,42,479
Michael,Obafemi,1,1,13,134,3,27.4,62.6,127,0,46,21.6,0,0,1,0,50,550
Yan,Valery,2,1,54,1709,30,124.7,329.4,157,0,251,60.7,3,1,3,4.1,41,556
Tyreke,Johnson,0,0,1,1,0,0,0,0,0,3,0,0,0,0,0,45,562
Kayne,Ramsay,0,0,1,90,3,0,11.2,0,0,9,1.1,0,0,0,0,40,565
Callum,Slattery,0,0,4,110,1,2.6,15.8,24,0,12,4.2,0,0,0,0,45,570
Sam,Gallagher,0,0,4,32,1,0.3,0,0,0,6,0,0,0,0,0.1,45,574
Alfie,Jones,0,0,0,0,0,0,0,0,0,0,0,0,0,0,0,40,595
Hugo,Lloris,0,0,145,2970,33,0,858.2,0,10,691,86,12,0,0,6.2,54,351
Michel,Vorm,0,0,5,180,4,0,66.8,0,1,36,6.6,0,0,0,0.1,47,352
Toby,Alderweireld,0,0,107,2921,31,139.1,690.2,229,7,651,105.7,12,0,3,3.7,60,353
Danny,Rose,0,4,86,1792,16,416.6,343.6,216,5,352,97.6,8,0,5,1.1,58,354
Jan,Vertonghen,1,0,67,1911,23,116.7,445.4,165,7,390,72.7,6,1,3,4,59,355
Ben,Davies,0,0,66,1837,26,256.6,388.2,176,5,361,82.3,6,0,2,1.7,56,356
Kieran,Trippier,1,5,118,2275,23,827,601.6,121,16,573,155,10,0,2,15.2,60,357
Kyle,Walker-Peters,0,3,28,374,4,104.9,107.4,20,4,112,23.1,2,0,1,0.7,42,358
Davinson,Sánchez,1,2,78,1941,22,60.3,454.2,183,4,412,70,6,0,2,1.6,58,359
Serge,Aurier,0,2,24,562,9,108.4,151.6,45,0,116,30.5,2,0,1,0.5,57,360
Eric,Dier,3,0,56,1504,18,150.1,363.4,121,3,269,63.6,5,0,4,0.9,47,361
Mousa,Dembélé,0,0,14,512,6,17.5,51,1,0,74,7.1,1,0,1,0.7,49,362
Erik,Lamela,4,4,67,965,12,339.9,263.8,441,5,231,104.1,4,0,2,0.3,59,363
Christian,Eriksen,8,12,161,2770,37,1148.7,876,801,15,675,283,8,0,3,7.7,92,364
Bamidele,Alli,5,4,94,1822,21,436.6,467.2,681,8,356,158.5,8,0,4,2.5,88,365
Victor,Wanyama,1,0,24,511,4,45,113.2,80,2,105,23.9,3,0,2,0.1,49,366
Heung-Min,Son,12,8,159,2033,23,508,690.6,1002,17,489,219.9,10,1,2,10.6,86,367
Harry,Winks,1,0,53,1589,17,168.6,268.2,71,3,275,50.7,6,0,4,0.1,55,368
Moussa,Sissoko,0,3,76,2329,28,380.7,329,193,3,395,90.2,11,0,2,0.3,49,369
Lucas,Rodrigues Moura da Silva,10,2,131,2115,18,415.6,556.4,650,8,340,161.9,14,0,3,11.9,69,370
Fernando,Llorente,1,4,41,681,8,189.5,138,307,3,104,63.1,2,0,2,1.5,51,371
Harry,Kane,17,6,160,2423,31,430,824.6,1359,24,561,261.3,9,0,5,12.4,126,372
Georges-Kévin,Nkoudou,0,1,4,4,0,14.3,19,0,0,17,3.3,0,0,0,0,48,497
Luke,Amos,0,0,1,2,0,0.1,2.2,0,0,3,0.2,0,0,0,0.1,43,523
Paulo,Gazzaniga,0,0,13,270,2,0,82.8,0,0,64,8.2,1,0,0,0,45,536
Alfie,Whiteman,0,0,0,0,0,0,0,0,0,0,0,0,0,0,0.2,40,538
Oliver,Skipp,0,0,12,214,1,20.5,35.2,12,0,40,7,2,0,0,0,45,540
Juan,Foyth,1,0,35,888,12,59.8,248.6,53,4,172,36.3,3,1,3,0.2,50,549
Timothy,Eyoma,0,0,0,0,0,0,0,0,0,0,0,0,0,0,0.1,40,561
Kazaiah,Sterling,0,0,0,0,0,0,0,0,0,0,0,0,0,0,0,45,578
George,Marsh,0,0,0,0,0,0,0,0,0,0,0,0,0,0,0,45,612
Vincent,Janssen,0,0,3,36,0,1.6,6.2,57,0,4,6.5,0,0,0,0.1,45,614
Heurelho,Gomes,0,0,0,0,0,0,0,0,0,0,0,0,0,0,0.3,42,373
Pontus,Dahlberg,0,0,0,0,0,0,0,0,0,0,0,0,0,0,0.1,43,374
Younes,Kaboul,0,0,0,0,0,0,0,0,0,0,0,0,0,0,0.1,42,375
Craig,Cathcart,3,0,93,3095,54,25.5,719.6,262,5,552,100.8,6,0,2,3.2,45,376
Sebastian,Prödl,0,0,1,13,0,0,0,0,0,2,0,0,0,0,0.1,42,377
José,Holebas,3,7,93,2392,41,598.2,642.4,164,10,437,140.6,5,1,12,7.9,48,378
Miguel,Britos,0,0,3,184,5,0.3,28.4,0,0,22,2.9,0,0,0,0,43,379
Christian,Kabasele,0,0,36,1584,29,24,355.2,189,1,212,56.7,3,1,2,0.3,44,380
Daryl,Janmaat,0,2,50,1520,22,212.2,346.2,118,6,274,67.8,3,0,3,0.4,49,381
Adrian,Mariappa,0,0,57,1924,32,61.9,404.6,79,2,334,54.5,5,0,3,0.6,42,382
Francisco,Femenía Far,1,1,66,2043,40,252.9,420.2,87,6,412,76,4,0,1,1.2,42,383
Marvin,Zeegelaar,0,0,0,0,0,0,0,0,0,0,0,0,0,0,0,42,384
Marc,Navarro,0,0,2,84,3,5.3,16,2,0,12,2.3,0,0,0,0,42,385
Adam,Masina,0,1,26,1002,20,70.8,201,27,1,165,30.1,2,0,5,0.1,43,386
Nathaniel,Chalobah,0,0,10,265,7,20.2,35.6,31,0,42,8.8,0,0,2,0.1,44,387
Tom,Cleverley,1,0,25,470,7,33.4,97.4,40,2,87,17.2,3,0,2,0,50,388
Etienne,Capoue,1,3,79,2944,48,219.2,656.6,152,8,496,102.8,8,1,14,0.5,48,389
Abdoulaye,Doucouré,5,7,124,3061,56,544.1,735.6,709,14,550,198.9,5,0,7,2.8,58,390
Roberto,Pereyra,6,4,122,2817,53,512.7,458.4,744,13,432,171.8,6,0,3,8,59,391
Will,Hughes,2,4,87,2419,39,416,429.2,451,5,320,129.6,7,0,5,0.7,49,392
Gerard,Deulofeu,10,5,133,2064,29,455.6,549.2,856,10,344,185.6,9,0,3,7.2,57,394
Andre,Gray,7,2,83,1352,23,183.9,331.8,620,10,254,112.8,4,0,2,1.9,59,395
Troy,Deeney,9,5,116,2542,44,549.5,607.4,1019,13,411,216.9,5,1,4,3.7,58,396
Stefano,Okaka,0,0,1,22,1,24.7,3.2,26,0,-1,5.2,0,0,1,0.1,50,397
Jerome,Sinclair,0,0,0,0,0,0,0,0,0,0,0,0,0,0,0.4,44,398
Ben,Foster,0,0,129,3420,59,50,988,1,11,703,104.1,7,0,1,8.5,46,445
Ken,Sema,1,2,37,747,9,112.7,128.6,169,1,91,40.8,3,0,1,0.1,46,446
Domingos,Quina,1,0,17,334,5,40.2,69,22,2,68,13.1,0,0,0,0.1,44,517
Isaac,Success Ajayi,1,1,42,1033,21,274.5,148.6,394,0,125,81.4,2,0,4,2.4,45,524
Ben,Wilmot,0,0,1,26,2,0.3,7.2,0,0,8,0.8,0,0,0,0.1,40,544
Adalberto,Peñaranda,0,0,0,0,0,0,0,0,0,0,0,0,0,0,0,50,554
Adrián,San Miguel del Castillo,0,0,0,0,0,0,0,0,0,0,0,0,0,0,0.3,42,399
Lukasz,Fabianski,0,0,143,3420,55,20,1136,0,15,742,115.5,7,0,0,14.3,47,400
Winston,Reid,0,0,0,0,0,0,0,0,0,0,0,0,0,0,0,44,401
Aaron,Cresswell,0,1,34,1588,26,290.9,318.2,113,0,257,72.3,1,0,1,0.5,50,402
Angelo,Ogbonna,1,1,48,1871,36,54.2,462.4,168,2,314,68.5,2,0,2,0.8,42,403
Sam,Byram,0,0,0,0,0,0,0,0,0,0,0,0,0,0,0,45,404
Pablo,Zabaleta,0,1,56,2089,35,163.2,447.4,106,4,350,71.8,4,0,4,1.7,43,405
Declan,Rice,2,0,92,3003,47,174.2,584.4,213,9,586,97.1,6,0,4,4.2,44,406
Reece,Oxford,0,0,0,0,0,0,0,0,0,0,0,0,0,0,0.1,42,407
Ryan,Fredericks,1,0,38,1084,16,77.2,254.8,85,4,169,42,3,0,5,0.3,45,408
Issa,Diop,1,0,87,2970,43,52.3,733,162,6,561,94.8,7,0,4,1.4,42,409
Arthur,Masuaku,0,2,49,1757,29,212,434.4,55,0,311,70.3,4,0,2,1.5,42,410
Mark,Noble,5,5,99,2289,31,359.8,521.4,196,5,454,107.6,7,1,6,0.5,48,411
Pedro,Obiang,0,2,43,1116,21,105.9,219.2,112,1,188,43.6,2,0,0,0.8,42,413
Manuel,Lanzini,1,2,31,685,12,118.2,141,165,3,148,42.4,2,0,2,0.1,64,414
Michail,Antonio,6,8,118,2093,30,346.2,482,852,6,305,167,7,0,3,1.2,68,415
Edimilson,Fernandes,0,0,0,0,0,0,0,0,0,0,0,0,0,0,0.1,45,416
Marko,Arnautovic,10,5,117,1988,34,500.6,551.6,946,15,405,199.2,4,0,3,6.7,67,417
Andy,Carroll,0,0,12,454,7,51.4,41.8,169,0,10,25.8,0,0,2,0.1,54,418
Javier,Hernández Balcázar,7,4,86,1326,20,112,301,528,10,276,93.4,6,0,2,1.5,61,419
Jordan,Hugill,0,0,0,0,0,0,0,0,0,0,0,0,0,0,0,50,420
Jack,Wilshere,0,2,17,388,10,74,72,17,0,90,16.3,1,0,2,0.8,48,447
Andriy,Yarmolenko,2,1,27,456,6,84.6,86,122,2,88,29.1,1,0,2,0.5,67,453
Fabián,Balbuena,1,0,61,2013,32,40.9,534.6,201,3,375,77.8,5,0,2,0.3,42,464
Felipe Anderson,Pereira Gomes,9,6,155,3045,49,1042.4,882.2,799,18,619,272.2,7,0,3,8.2,68,465
Robert,Snodgrass,2,5,85,2215,33,976,460.8,380,9,364,181.5,5,0,10,0.9,50,489
Lucas,Pérez,3,0,33,465,13,110.5,136.8,131,5,127,37.7,0,0,0,0.1,62,502
Carlos,Sánchez,0,0,9,240,4,28.8,24.6,24,0,44,7.8,0,0,0,0.1,43,518
Grady,Diangana,0,1,25,600,13,174.5,115,175,0,86,46.2,2,0,0,0,45,539
Joe,Powell,0,0,0,0,0,0,0,0,0,0,0,0,0,0,0,45,547
Conor,Coventry,0,0,0,0,0,0,0,0,0,0,0,0,0,0,0,45,548
Alexandre Nascimento,Costa Silva,0,0,1,17,0,10.3,2,36,0,3,4.8,0,0,0,0.2,45,560
Samir,Nasri,0,2,14,243,2,86.6,49.8,28,0,61,16.4,1,0,0,0.2,49,569
Ben,Johnson,0,0,2,62,1,0.4,7.8,0,0,6,0.8,0,0,0,0,40,605
Nathan,Holland,0,0,0,0,0,0,0,0,0,0,0,0,0,0,0.5,40,611
John,Ruddy,0,0,7,90,0,0,26.6,0,0,25,2.7,1,0,0,0.2,42,421
Will,Norris,0,0,1,1,0,0,0,0,0,3,0,0,0,0,2.3,39,422
Willy,Boly,4,0,120,3168,43,146.9,954.2,279,10,635,137.7,8,1,2,6.1,47,423
Barry,Douglas,0,0,0,0,0,0,0,0,0,0,0,0,0,0,0,50,424
Matt,Doherty,4,7,144,3141,41,547.4,758.8,711,12,596,201.6,8,0,5,21.9,53,425
Romain,Saïss,2,0,47,1142,17,70.9,363.6,129,5,248,56.2,3,0,7,0.4,42,426
Ryan,Bennett,1,0,89,3060,38,129.7,566.4,172,1,467,86.9,9,0,12,8,41,427
Danny,Batth,0,0,0,0,0,0,0,0,0,0,0,0,0,0,0.6,40,428
Roderick Jefferson,Gonçalves Miranda,0,0,0,0,0,0,0,0,0,0,0,0,0,0,0,40,429
Conor,Coady,0,0,94,3420,46,26.2,593.2,0,6,585,61.8,9,0,5,0.9,45,430
Rúben Gonçalo,Silva Nascimento Vinagre,0,0,24,703,9,113.7,117,69,0,118,30,1,0,1,0.1,43,431
Diogo,Jota,9,8,139,2352,29,402.5,559.6,888,13,386,185,10,0,11,8.5,63,432
Rúben Diogo,da Silva Neves,4,3,104,3006,43,365.9,698.2,402,7,483,146.8,8,0,8,10.4,49,433
Ivan,Cavaleiro,3,1,48,677,11,313.6,198,156,3,156,66,1,0,1,0.1,52,434
Hélder,Costa,1,2,52,1333,19,264,162.8,280,0,136,70.9,5,0,3,0.4,46,435
Bright,Enobakhare,0,0,0,0,0,0,0,0,0,0,0,0,0,0,0.1,43,436
Raúl,Jiménez,13,10,181,3112,40,648.5,788.8,1428,31,602,285.4,12,0,4,33.4,69,437
Bonatini Lohner Maia,Bonatini,0,1,10,130,0,30.9,24.6,90,0,19,13.6,0,0,0,0.3,46,438
Morgan,Gibbs-White,0,1,37,645,12,181.1,73.2,72,0,113,32.5,4,0,1,0.5,43,448
Rafa,Mir,0,0,0,0,0,0,0,0,0,0,0,0,0,0,0,45,449
Rui Pedro,dos Santos Patrício,0,0,118,3330,46,0,695,0,4,581,69.1,8,0,0,8,45,454
João Filipe Iria,Santos Moutinho,1,8,119,3030,39,1245.8,812.6,102,13,628,216.4,9,0,4,5.1,51,475
Jonathan,Castro Otto,1,3,103,2772,39,447.3,523.4,361,9,488,133.3,8,0,6,3.6,43,483
Adama,Traoré,1,1,44,884,13,271.3,223.4,265,2,182,75.8,1,0,1,0.3,51,500
Leander,Dendoncker,2,0,48,1465,21,126.6,334.8,288,1,209,75.1,3,0,1,0.6,43,519
Kortney,Hause,0,0,0,0,0,0,0,0,0,0,0,0,0,0,0.2,40,525
Ryan John,Giles,0,0,0,0,0,0,0,0,0,0,0,0,0,0,0,45,555
Max,Kilman,0,0,1,1,0,0,0,0,0,3,0,0,0,0,0,40,567
Cameron,John,0,0,0,0,0,0,0,0,0,0,0,0,0,0,0.1,40,596
